claim_id,original_quote,claim_text,source_platform,approx_date,true_label,label_basis,corpus_fit,label_note
c01,Wild caught is more important for omega 3s... You get much less when these fish are farmed rather than wild caught,Wild salmon has more omega-3 than farmed salmon,Reddit r/nutrition,2017,CONTRADICT,USDA FoodData Central entries for farmed Atlantic vs wild salmon: farmed has more total omega-3 (EPA+DHA) per serving,near,"Common belief reversed; farmed usually higher in total omega-3, though wild has a higher omega-3 share of fat"
c02,seafood with the famous three letter certification (a-hem) can be caught in all kinds of unsustainable methods including gill netting and bottom trawling,MSC certification does not prohibit bottom trawling,Instagram,2025,SUPPORT,MSC Fisheries Standard permits certified bottom-trawl fisheries,far,Factual: the MSC standard permits certified bottom-trawl fisheries; the separate question of whether that is sustainable is contested but not what this claim asserts.
c03,Farmed salmon is actually safer for sashimi because of lack of parasites.,Farmed salmon is safer to eat raw because it has fewer parasites than wild salmon,Reddit r/shutthekaleup,2022,SUPPORT,FDA Fish and Fishery Products Hazards and Controls Guidance: farmed fish on controlled feed exempt from freezing-for-parasites,near,Farmed salmon on formulated feed has lower parasite risk (FDA/EFSA exemption)
c04,Freezing the fish and freezing it only once before serving is the key to killing parasites,Freezing fish kills parasites,Reddit r/shutthekaleup,2022,SUPPORT,FDA Food Code: freezing to required time/temperature destroys parasites in fish,near,Matches the quote exactly; freezing is an established parasite-destruction method
c05,farmed salmon/char is known to have sea lice infestations,Farmed salmon commonly has sea lice infestations,Reddit r/shutthekaleup,2022,SUPPORT,"FAO, The State of World Fisheries and Aquaculture 2022; sea lice reviews",far,"Well-documented in salmon aquaculture, especially high-density farms"
c06,Broiling at 200C can cause a loss of around 70-80% of omega-3,Cooking fish at high heat destroys most of its omega-3 content,Reddit r/nutrition,2026,NEI,Studies show omega-3 loss varies widely by method (10-80%); no single consensus figure,near,"Genuinely method-dependent; ""most"" is true for high-heat frying but not steaming/baking, so overall unsettled"
c07,most health guidelines are based on people eating cooked fish so eating cooked fish for omega-3 is not pointless,Eating cooked fish is still an effective source of omega-3,Reddit r/nutrition,2026,SUPPORT,"Major dietary guidelines (AHA, NIH) base omega-3 recommendations on cooked fish intake",near,Consensus supports cooked fish as effective; both near corpus-fit as health/nutrition claims
c08,"I'm pretty sure the omega 3 is the thing that helped brain wise... my memory gotten so good, I learn much faster",Omega-3 supplements improve memory and cognition,Reddit r/Supplements,2022,NEI,Cochrane and large trials show mixed/weak evidence for omega-3 and cognition in healthy adults,near,"Genuinely unsettled; some trials positive, major reviews find no clear benefit"
c09,getting too much fish oil can increase your risk of bleeding,High-dose fish oil supplementation carries a risk of excessive bleeding,Reddit r/Supplements,2021,NEI,Recent RCT meta-analyses find omega-3 overall not clearly associated with increased bleeding; a modest effect appears only with high-dose purified EPA,near,"Dose, formulation, and the meaning of ""excessive"" materially change the answer, so genuinely unsettled as a blanket claim"
c10,The omega 6 to omega-3 ratio in fish oil is 2.5:1 which is exactly the opposite of what we need today... omega-6 (pro-inflammatory),A high dietary omega-6 to omega-3 ratio promotes inflammation,Reddit r/MTHFR,2024,NEI,The omega-6-causes-inflammation hypothesis is widely cited but contested; trials are mixed,near,Popular claim but genuinely unsettled in the literature; some reviews find omega-6 not pro-inflammatory in humans
c11,high dosages elevates acetylcholine too much / My brain cannot tolerate the increased acetylcholine caused by fish oil,Fish oil supplements raise acetylcholine levels in the brain,Reddit r/MTHFR,2024,NEI,No established mechanism by which dietary omega-3 directly raises brain acetylcholine,near,"Not a supported claim, but ""not enough info"" is more honest than CONTRADICT since it's understudied rather than clearly disproven"
c12,people with an omega-3 index of 8% or higher have 35% lower cardiovascular death risk compared to those below 4%,A higher omega-3 index is associated with lower cardiovascular death risk,Facebook,2026,SUPPORT,"Harris et al. 2018 (Framingham Offspring Study), omega-3 index and total mortality",near,Well-supported association; the specific 35% figure is defensible from the cited cohort literature
c13,"there may be more mercury in canned tuna than you realize... in the case of pregnancy, recommends avoidance",Pregnant people should limit higher-mercury tuna such as albacore and avoid bigeye tuna,X (Twitter),2025,SUPPORT,"FDA/EPA Advice About Eating Fish, 2024: light tuna a Best Choice, albacore limited, bigeye avoid",near,Consensus supports caution in pregnancy; near corpus-fit as a mercury/health claim
c14,"a fish filled with mercury, dioxins, PCBs, and... parasites that survive cooking temperatures",Parasites in salmon survive normal cooking temperatures,X (Twitter),2025,CONTRADICT,FDA: cooking fish to 63C/145F kills parasites,near,Clear falsehood; cooking reliably destroys fish parasites
c15,FDA allows up to 4 parasites per square inch as stated in the rule book,The FDA permits up to four parasites per square inch of fish,X (Twitter),2025,CONTRADICT,FDA Fish and Fishery Products Hazards guidance sets no per-square-inch parasite allowance; the stated rule does not appear in the applicable standard,far,"Invented ""fact""; the FDA has no per-square-inch parasite allowance"
c16,"Sushi... raw fish in particular, is the #1 cause of human intestinal parasites",Raw fish in sushi is the leading cause of human intestinal parasites,X (Twitter),2025,CONTRADICT,"Globally, most intestinal parasite infections come from contaminated water/food, not sushi",near,False; sushi-borne parasites exist but are not the leading cause
c17,Yeah all fish has parasites,All fish contain parasites,X (Twitter),2025,CONTRADICT,Parasite prevalence varies widely; many farmed/controlled fish are parasite-free,near,Overgeneralisation; false as an absolute claim
c18,the best evidence we have suggests that claims of Omega 6 vegetable/seed oils being inflammatory do not hold up,Omega-6-rich seed oils do not raise inflammation in the human body,Instagram,2021,SUPPORT,Controlled human trials including Johnson and Fritsche 2012 find no increase in inflammatory markers from dietary linoleic acid,near,"The quotation reflects the conclusion of controlled human evidence, though broader seed-oil debates involve claims beyond inflammation"
c19,Flash freezing usually kills them... cooking red meat kills them / parasites die with freezing,Freezing fish kills the parasites in it,X (Twitter),2025,SUPPORT,FDA freezing guidance (-20C/7 days or -35C/15 hours) destroys parasites,near,Well-established; standard parasite-destruction method
c20,"wild caught fish are free to eat a greater variety of foods, they don't have to be pumped full of antibiotics or anti-Fungus, and pesticides to control lice infestations","Farmed fish require antibiotics and pesticides to control disease and lice, unlike wild fish",Quora,2022,NEI,"Antibiotic/pesticide use in aquaculture is real but varies widely by region and standard; ""have to be pumped full"" overstates it",far,Partly true (lice treatments exist) but overgeneralised; genuinely mixed
c21,Many species of farmed fish are injected or Fed dyes to ensure the filets are (coloured),Farmed salmon is fed dyes to make its flesh pink,Quora,2022,SUPPORT,"Astaxanthin is added to farmed salmon feed for colour (documented, FDA/EFSA)",near,"True; farmed salmon colour comes from feed additives (astaxanthin), though ""dye"" is loose wording"
c22,Dolphin safe is just a marketing phrase. It exists to sell tuna,The dolphin-safe tuna label is just marketing and does not actually protect dolphins,Reddit r/NoStupidQuestions,2020,CONTRADICT,"US NOAA/dolphin-safe programme: dolphin-safe labelling cut eastern Pacific dolphin deaths from over 100,000/year to roughly 3,000",far,"False as stated; the label is imperfect but demonstrably reduced dolphin mortality by orders of magnitude, so ""just marketing"" is contradicted"
c23,microplastics... determining whether they directly cause major health issues like cancer or infertility remains an intense area of ongoing research... insufficient evidence to definitively state that environmental microplastics cause cancer,Whether microplastics in seafood cause cancer in humans is not yet established,Quora,2025,NEI,WHO position: potential for harm exists but insufficient evidence to confirm cancer causation,far,"Accurately reflects the genuine ""not settled"" state; correct NEI"
c24,we know plastic is having significant ill effects on species we eat (filter feeders suffer physical blockages to digestive systems),Microplastics cause physical harm to marine filter-feeding species,Quora,2024,SUPPORT,"Documented physical effects of microplastic ingestion in filter feeders (mussels, etc.)",far,"Supported for marine organisms, though the human-health leap is separate"
c25,"By 2048, the ocean will have more plastic than fish",By 2048 the ocean will contain more plastic than fish,Instagram,2021,CONTRADICT,"Often-repeated but conflates two different projections; the ""2048 fishless oceans"" figure is a disputed extrapolation from Worm et al. 2006, which the authors later walked back",far,Conflates two separate viral claims (2050 plastic-by-weight; 2048 fisheries projection); no authoritative source supports this exact statement
c26,Fishing has already wiped out 90% of the world's large fish,Industrial fishing has eliminated 90% of the world's large fish,Instagram,2021,NEI,"The ""90% of large predatory fish gone"" figure (Myers & Worm 2003) is real but heavily debated in the literature",far,A real published figure but contested; honest label is NEI given the scientific dispute
c27,"Aquaculture will not only increase the amount of food that can be produced, but it will alleviate pressure on wild fish stocks, ensuring we can meet global demand without overfishing",Aquaculture reduces pressure on wild fish stocks and helps prevent overfishing,TikTok,2021,NEI,"FAO recognises aquaculture's role in supply, but studies show farmed carnivorous fish still consume wild-caught feed, so the effect on wild stocks is contested",far,"Genuinely debated; aquaculture eases some pressure but farmed salmon/shrimp rely on wild forage fish for feed, so ""without overfishing"" is not settled"
c28,"Sea lice infestations, caused by the close proximity of farmed fish, can lead to the spread of parasites to wild salmon populations",Sea lice from salmon farms can spread to wild salmon populations,TikTok,2024,SUPPORT,Aquaculture literature documents sea lice transfer from farms to wild salmon,far,Well-supported; the farm-to-wild spillover is a recognised conservation issue
c29,"the escape of farmed salmon poses a threat to wild gene pools, potentially diluting the genetic diversity of native populations",Escaped farmed salmon threaten the genetic diversity of wild salmon populations,TikTok,2024,SUPPORT,Documented genetic introgression from escaped farmed salmon into wild stocks,far,Supported by population-genetics studies of escapees
c30,"seafood 'catfishing'... diners may be getting a completely different, usually cheaper fish than the one they ordered. It's called seafood fraud, and it's happening in many restaurants, studies show",Studies have found substantial rates of seafood mislabelling in restaurants,Instagram,2026,SUPPORT,Oceana DNA studies: ~26% of restaurant seafood samples mislabelled; substitution not always toward a cheaper species,far,"Well-documented seafood fraud; surprisingly-true claim, sourced to repeated DNA-based studies"
